{
    "version": 1,
    "models": {},
    "enums": {},
    "nonModels": {
        "BedrockResponse": {
            "name": "BedrockResponse",
            "fields": {
                "body": {
                    "name": "body",
                    "isArray": false,
                    "type": "String",
                    "isRequired": false,
                    "attributes": []
                },
                "error": {
                    "name": "error",
                    "isArray": false,
                    "type": "String",
                    "isRequired": false,
                    "attributes": []
                }
            }
        }
    },
    "queries": {
        "askBedrock": {
            "name": "askBedrock",
            "isArray": false,
            "type": {
                "nonModel": "BedrockResponse"
            },
            "isRequired": false,
            "arguments": {
                "topic": {
                    "name": "topic",
                    "isArray": false,
                    "type": "String",
                    "isRequired": false
                }
            }
        }
    }
}